[
  {
    "id": "5c1877ac-847d-4142-91f6-7111a4731d0d",
    "data": [
      {
        "text": "sure",
        "meta": "@yes",
        "alias": "yes",
        "userDefined": false
      },
      {
        "text": ", I need help.",
        "userDefined": false
      }
    ],
    "isTemplate": false,
    "count": 0,
    "lang": "en",
    "updated": 0
  },
  {
    "id": "e32091e9-19f8-4182-b5e4-03439ee53ea2",
    "data": [
      {
        "text": "yes",
        "meta": "@yes",
        "alias": "yes",
        "userDefined": false
      }
    ],
    "isTemplate": false,
    "count": 0,
    "lang": "en",
    "updated": 0
  }
]