[
  {
    "id": "00fee6d4-c142-4bdf-a47e-87baa7f3d40e",
    "data": [
      {
        "text": "I will do it myself",
        "userDefined": false
      }
    ],
    "isTemplate": false,
    "count": 0,
    "lang": "en",
    "updated": 0
  },
  {
    "id": "57516364-c35d-4b24-9777-4d5f10fd597e",
    "data": [
      {
        "text": "not",
        "meta": "@no",
        "alias": "no",
        "userDefined": false
      },
      {
        "text": " needed",
        "userDefined": false
      }
    ],
    "isTemplate": false,
    "count": 0,
    "lang": "en",
    "updated": 0
  },
  {
    "id": "3da13b73-fc34-4692-b3c4-a9ce3399e699",
    "data": [
      {
        "text": "no",
        "meta": "@no",
        "alias": "no",
        "userDefined": false
      }
    ],
    "isTemplate": false,
    "count": 0,
    "lang": "en",
    "updated": 0
  }
]