[
  {
    "id": "59f91fd2-02fb-4fa8-b929-9d2f8c4f60ce",
    "data": [
      {
        "text": "What is the ",
        "userDefined": false
      },
      {
        "text": "admission",
        "meta": "@admission",
        "alias": "admission",
        "userDefined": true
      },
      {
        "text": " process for your college?",
        "userDefined": false
      }
    ],
    "isTemplate": false,
    "count": 0,
    "lang": "en",
    "updated": 0
  },
  {
    "id": "908c7790-bab2-4b20-996a-2fd2a7ba2451",
    "data": [
      {
        "text": "How do I ",
        "userDefined": false
      },
      {
        "text": "enroll",
        "meta": "@admission",
        "alias": "admission",
        "userDefined": true
      },
      {
        "text": "?",
        "userDefined": false
      }
    ],
    "isTemplate": false,
    "count": 0,
    "lang": "en",
    "updated": 0
  },
  {
    "id": "ba8aceb5-8144-454b-b056-78c767c1e626",
    "data": [
      {
        "text": "Guide me through the ",
        "userDefined": false
      },
      {
        "text": "admission",
        "meta": "@admission",
        "alias": "admission",
        "userDefined": true
      },
      {
        "text": " process.",
        "userDefined": false
      }
    ],
    "isTemplate": false,
    "count": 0,
    "lang": "en",
    "updated": 0
  },
  {
    "id": "a6fdb76f-a3ee-406b-910a-8ec4591b8a0a",
    "data": [
      {
        "text": "I want to take admission",
        "userDefined": false
      }
    ],
    "isTemplate": false,
    "count": 0,
    "lang": "en",
    "updated": 0
  },
  {
    "id": "b5ca371a-9fec-4718-a556-b6d95607f5b6",
    "data": [
      {
        "text": "How can I apply for admission?",
        "userDefined": false
      }
    ],
    "isTemplate": false,
    "count": 0,
    "lang": "en",
    "updated": 0
  },
  {
    "id": "c6442569-877d-429b-ada5-8fa2b02e302e",
    "data": [
      {
        "text": "What is the admission process?",
        "userDefined": false
      }
    ],
    "isTemplate": false,
    "count": 0,
    "lang": "en",
    "updated": 0
  },
  {
    "id": "4803aad5-2652-44ab-8f7c-10c7b160befb",
    "data": [
      {
        "text": "How do I get admission?",
        "userDefined": false
      }
    ],
    "isTemplate": false,
    "count": 0,
    "lang": "en",
    "updated": 0
  },
  {
    "id": "f3a090ee-52ab-4fec-ad4e-4b3058fd5deb",
    "data": [
      {
        "text": "Tell me the steps for admission.",
        "userDefined": false
      }
    ],
    "isTemplate": false,
    "count": 0,
    "lang": "en",
    "updated": 0
  }
]