[
  {
    "id": "893dd252-58d2-4bf0-87a2-f2e500752bd6",
    "data": [
      {
        "text": "what is the ",
        "userDefined": false
      },
      {
        "text": "deadline",
        "meta": "@deadline",
        "alias": "deadline",
        "userDefined": false
      },
      {
        "text": " for admission?",
        "userDefined": false
      }
    ],
    "isTemplate": false,
    "count": 0,
    "lang": "en",
    "updated": 0
  },
  {
    "id": "fa0ee7c8-449d-4077-9580-ebcac4fd2731",
    "data": [
      {
        "text": "What is the ",
        "userDefined": false
      },
      {
        "text": "last date",
        "meta": "@deadline",
        "alias": "deadline",
        "userDefined": true
      },
      {
        "text": " to apply?",
        "userDefined": false
      }
    ],
    "isTemplate": false,
    "count": 0,
    "lang": "en",
    "updated": 0
  },
  {
    "id": "3d259d07-f0af-4022-83d4-5212dbbed3b9",
    "data": [
      {
        "text": "When is the admission ",
        "userDefined": false
      },
      {
        "text": "deadline",
        "meta": "@deadline",
        "alias": "deadline",
        "userDefined": true
      },
      {
        "text": "?",
        "userDefined": false
      }
    ],
    "isTemplate": false,
    "count": 0,
    "lang": "en",
    "updated": 0
  },
  {
    "id": "7accb02e-b42e-4604-8294-2cffa8af5fb7",
    "data": [
      {
        "text": "Tell me about the admission timeline.",
        "userDefined": false
      }
    ],
    "isTemplate": false,
    "count": 0,
    "lang": "en",
    "updated": 0
  }
]