[
  {
    "id": "e0753b6b-0532-4a68-8783-c7e83f8ab52b",
    "data": [
      {
        "text": "sure",
        "meta": "@yes",
        "alias": "yes",
        "userDefined": false
      },
      {
        "text": ", send me the link",
        "userDefined": false
      }
    ],
    "isTemplate": false,
    "count": 0,
    "lang": "en",
    "updated": 0
  },
  {
    "id": "b573f2d5-9a69-40a1-88ed-054dd97ccbde",
    "data": [
      {
        "text": "yes",
        "meta": "@yes",
        "alias": "yes",
        "userDefined": false
      }
    ],
    "isTemplate": false,
    "count": 0,
    "lang": "en",
    "updated": 0
  }
]