[
  {
    "id": "6d6d4e05-026a-4d76-b608-7ea5ed44262d",
    "data": [
      {
        "text": "I ",
        "userDefined": false
      },
      {
        "text": "don\u0027t",
        "meta": "@no",
        "alias": "no",
        "userDefined": true
      },
      {
        "text": " need the link.",
        "userDefined": false
      }
    ],
    "isTemplate": false,
    "count": 0,
    "lang": "en",
    "updated": 0
  },
  {
    "id": "476fd6f4-49a7-43c2-a5d0-aaed4c8c4db3",
    "data": [
      {
        "text": "no",
        "meta": "@no",
        "alias": "no",
        "userDefined": false
      }
    ],
    "isTemplate": false,
    "count": 0,
    "lang": "en",
    "updated": 0
  }
]