[
  {
    "id": "938db774-a47e-4797-afc1-105e237f114b",
    "data": [
      {
        "text": "What is the average class size?",
        "userDefined": false
      }
    ],
    "isTemplate": false,
    "count": 0,
    "lang": "en",
    "updated": 0
  },
  {
    "id": "9ab02dfa-c926-491c-8e29-f95d34771fde",
    "data": [
      {
        "text": "How many students are in each class?",
        "userDefined": false
      }
    ],
    "isTemplate": false,
    "count": 0,
    "lang": "en",
    "updated": 0
  },
  {
    "id": "1b8febe3-136c-441e-a7a8-1c6173bdaab2",
    "data": [
      {
        "text": "Are class sizes small or large?",
        "userDefined": false
      }
    ],
    "isTemplate": false,
    "count": 0,
    "lang": "en",
    "updated": 0
  }
]