[
  {
    "id": "d7bed3d8-2bdc-40b2-94af-0ff7f119aa89",
    "data": [
      {
        "text": "Can I take a ",
        "userDefined": false
      },
      {
        "text": "refresher",
        "meta": "@bridge_course",
        "alias": "bridge_course",
        "userDefined": false
      },
      {
        "text": " ",
        "userDefined": false
      },
      {
        "text": "course",
        "meta": "@course",
        "alias": "course",
        "userDefined": false
      },
      {
        "text": " before my classes begin?",
        "userDefined": false
      }
    ],
    "isTemplate": false,
    "count": 0,
    "lang": "en",
    "updated": 0
  },
  {
    "id": "39f8ff4f-99f4-4d14-a279-8f3e39bd2a7f",
    "data": [
      {
        "text": "Do you offer ",
        "userDefined": false
      },
      {
        "text": "preparatory",
        "meta": "@bridge_course",
        "alias": "bridge_course",
        "userDefined": false
      },
      {
        "text": " ",
        "userDefined": false
      },
      {
        "text": "courses",
        "meta": "@course",
        "alias": "course",
        "userDefined": false
      },
      {
        "text": " before the main semester?",
        "userDefined": false
      }
    ],
    "isTemplate": false,
    "count": 0,
    "lang": "en",
    "updated": 0
  },
  {
    "id": "b5b0633b-4c30-4f6b-b435-8d14c0e0e871",
    "data": [
      {
        "text": "Are there any ",
        "userDefined": false
      },
      {
        "text": "bridge",
        "meta": "@bridge_course",
        "alias": "bridge_course",
        "userDefined": false
      },
      {
        "text": " ",
        "userDefined": false
      },
      {
        "text": "courses",
        "meta": "@course",
        "alias": "course",
        "userDefined": false
      },
      {
        "text": " available before the semester starts?",
        "userDefined": false
      }
    ],
    "isTemplate": false,
    "count": 0,
    "lang": "en",
    "updated": 0
  }
]