[
  {
    "id": "2d94e744-f826-4e47-9c89-806c15fa6710",
    "data": [
      {
        "text": "What facilities does the college have?",
        "userDefined": false
      }
    ],
    "isTemplate": false,
    "count": 0,
    "lang": "en",
    "updated": 0
  },
  {
    "id": "67d9c846-cb06-4f5d-8db6-1520164339d7",
    "data": [
      {
        "text": "Is there a library on campus?",
        "userDefined": false
      }
    ],
    "isTemplate": false,
    "count": 0,
    "lang": "en",
    "updated": 0
  },
  {
    "id": "c5daabf7-58a1-414f-a0a4-123b4a6b84b3",
    "data": [
      {
        "text": "Tell me about the campus infrastructure.",
        "userDefined": false
      }
    ],
    "isTemplate": false,
    "count": 0,
    "lang": "en",
    "updated": 0
  }
]