[
  {
    "id": "d0143134-6f2e-4f80-a572-cd13b9b9ee88",
    "data": [
      {
        "text": "What is the process to change my ",
        "userDefined": false
      },
      {
        "text": "course",
        "meta": "@course",
        "alias": "course",
        "userDefined": false
      },
      {
        "text": "?",
        "userDefined": false
      }
    ],
    "isTemplate": false,
    "count": 0,
    "lang": "en",
    "updated": 0
  },
  {
    "id": "2279fe30-992f-448b-9a6a-c7f353cf94af",
    "data": [
      {
        "text": "Can I switch my major after ",
        "userDefined": false
      },
      {
        "text": "admission",
        "meta": "@admission",
        "alias": "admission",
        "userDefined": true
      },
      {
        "text": "?",
        "userDefined": false
      }
    ],
    "isTemplate": false,
    "count": 0,
    "lang": "en",
    "updated": 0
  },
  {
    "id": "1b2cc5aa-af41-4103-b6af-be7a2fa02c8f",
    "data": [
      {
        "text": "How do I change my major or ",
        "userDefined": false
      },
      {
        "text": "course",
        "meta": "@course",
        "alias": "course",
        "userDefined": false
      },
      {
        "text": "?",
        "userDefined": false
      }
    ],
    "isTemplate": false,
    "count": 0,
    "lang": "en",
    "updated": 0
  }
]