[
  {
    "id": "8691b29a-ea5b-4a33-988a-0299f9c88160",
    "data": [
      {
        "text": "Tell me about academic and sports competitions.",
        "userDefined": false
      }
    ],
    "isTemplate": false,
    "count": 0,
    "lang": "en",
    "updated": 0
  },
  {
    "id": "80275175-c7a6-47e1-8974-f36d5b1b030c",
    "data": [
      {
        "text": "What kind of contests does the college have?",
        "userDefined": false
      }
    ],
    "isTemplate": false,
    "count": 0,
    "lang": "en",
    "updated": 0
  },
  {
    "id": "cf893434-561f-417f-a1a4-c6d9b7243f73",
    "data": [
      {
        "text": "Are there any competitions for students?",
        "userDefined": false
      }
    ],
    "isTemplate": false,
    "count": 0,
    "lang": "en",
    "updated": 0
  }
]