[
  {
    "id": "7e958c9d-ddfd-48b4-bf3d-90ceeed386e8",
    "data": [
      {
        "text": "How can I contact the admission office?",
        "userDefined": false
      }
    ],
    "isTemplate": false,
    "count": 0,
    "lang": "en",
    "updated": 0
  },
  {
    "id": "23506ae2-3da5-4b7c-a160-7735c3fb4bb6",
    "data": [
      {
        "text": "What is the college\u0027s email ID?",
        "userDefined": false
      }
    ],
    "isTemplate": false,
    "count": 0,
    "lang": "en",
    "updated": 0
  },
  {
    "id": "89d2f8b9-28a7-43f5-ac5a-d49482bb1ec7",
    "data": [
      {
        "text": "Give me the contact details.",
        "userDefined": false
      }
    ],
    "isTemplate": false,
    "count": 0,
    "lang": "en",
    "updated": 0
  }
]