[
  {
    "id": "f9d20d3d-9a54-4675-8836-f9592bb872f1",
    "data": [
      {
        "text": "Do you offer computer science courses?",
        "userDefined": false
      }
    ],
    "isTemplate": false,
    "count": 0,
    "lang": "en",
    "updated": 0
  },
  {
    "id": "c8ac3369-4f26-453a-aa0e-45368558197f",
    "data": [
      {
        "text": "What courses are available?",
        "userDefined": false
      }
    ],
    "isTemplate": false,
    "count": 0,
    "lang": "en",
    "updated": 0
  },
  {
    "id": "ce2f6034-de13-42f2-a11f-835a4e665012",
    "data": [
      {
        "text": "Do you offer engineering courses?",
        "userDefined": false
      }
    ],
    "isTemplate": false,
    "count": 0,
    "lang": "en",
    "updated": 0
  },
  {
    "id": "1a24baa0-1df6-4ef0-ae7d-991dcc5ffcfa",
    "data": [
      {
        "text": "Which programs do you have?",
        "userDefined": false
      }
    ],
    "isTemplate": false,
    "count": 0,
    "lang": "en",
    "updated": 0
  },
  {
    "id": "aad1e9fa-9b07-4198-9fc5-d2977d39c582",
    "data": [
      {
        "text": "Tell me about the courses.",
        "userDefined": false
      }
    ],
    "isTemplate": false,
    "count": 0,
    "lang": "en",
    "updated": 0
  },
  {
    "id": "6b3cc888-5415-4a81-9941-13eda950c4db",
    "data": [
      {
        "text": "which program you offer",
        "userDefined": false
      }
    ],
    "isTemplate": false,
    "count": 1,
    "lang": "en",
    "updated": 0
  }
]