[
  {
    "id": "fb1a6967-b014-4b41-aaff-08b91475aee2",
    "data": [
      {
        "text": "proceed",
        "meta": "@yes",
        "alias": "yes",
        "userDefined": false
      }
    ],
    "isTemplate": false,
    "count": 0,
    "lang": "en",
    "updated": 0
  },
  {
    "id": "b6eeea35-36ef-4e15-bd11-6291bdd6b5eb",
    "data": [
      {
        "text": "please",
        "meta": "@yes",
        "alias": "yes",
        "userDefined": false
      }
    ],
    "isTemplate": false,
    "count": 0,
    "lang": "en",
    "updated": 0
  },
  {
    "id": "cdbfb441-7e15-4014-a777-ff9b2f35130c",
    "data": [
      {
        "text": "yes",
        "meta": "@yes",
        "alias": "yes",
        "userDefined": false
      }
    ],
    "isTemplate": false,
    "count": 0,
    "lang": "en",
    "updated": 0
  }
]