[
  {
    "id": "77ddb7de-0ff7-4079-81f9-20b06012dbd4",
    "data": [
      {
        "text": "not at all",
        "meta": "@no",
        "alias": "no",
        "userDefined": false
      }
    ],
    "isTemplate": false,
    "count": 0,
    "lang": "en",
    "updated": 0
  },
  {
    "id": "516cee0e-3a4e-42bd-b3bb-67474716c9ba",
    "data": [
      {
        "text": "no",
        "meta": "@no",
        "alias": "no",
        "userDefined": false
      }
    ],
    "isTemplate": false,
    "count": 0,
    "lang": "en",
    "updated": 0
  }
]