[
  {
    "id": "4304f404-1770-4d4c-9e5b-82847b5e2eec",
    "data": [
      {
        "text": "What are the upcoming cultural fests?",
        "userDefined": false
      }
    ],
    "isTemplate": false,
    "count": 0,
    "lang": "en",
    "updated": 0
  },
  {
    "id": "298e062a-62a6-4cc9-89ed-ba70f9b5a4c7",
    "data": [
      {
        "text": "Tell me about college fests",
        "userDefined": false
      }
    ],
    "isTemplate": false,
    "count": 0,
    "lang": "en",
    "updated": 0
  },
  {
    "id": "2465b10a-bc96-460a-b377-80ba5cb526fc",
    "data": [
      {
        "text": "Are there any cultural events in college?",
        "userDefined": false
      }
    ],
    "isTemplate": false,
    "count": 0,
    "lang": "en",
    "updated": 0
  }
]