[
  {
    "id": "3e6dcec1-cb90-4353-bf92-d6b49634bd4e",
    "data": [
      {
        "text": "nope",
        "meta": "@no",
        "alias": "no",
        "userDefined": false
      }
    ],
    "isTemplate": false,
    "count": 0,
    "lang": "en",
    "updated": 0
  },
  {
    "id": "c7f656e6-f04a-4b8b-8f87-f92b03ec35bf",
    "data": [
      {
        "text": "I ",
        "userDefined": false
      },
      {
        "text": "don\u0027t",
        "meta": "@no",
        "alias": "no",
        "userDefined": false
      },
      {
        "text": " need",
        "userDefined": false
      }
    ],
    "isTemplate": false,
    "count": 0,
    "lang": "en",
    "updated": 0
  },
  {
    "id": "2c231555-0f73-4339-94a1-c990bca72091",
    "data": [
      {
        "text": "no",
        "meta": "@no",
        "alias": "no",
        "userDefined": false
      }
    ],
    "isTemplate": false,
    "count": 0,
    "lang": "en",
    "updated": 0
  }
]