[
  {
    "id": "9d4005ec-26e3-4f20-bf4e-3c599a40922f",
    "data": [
      {
        "text": "Do I need to give an entrance exam?",
        "userDefined": false
      }
    ],
    "isTemplate": false,
    "count": 0,
    "lang": "en",
    "updated": 0
  },
  {
    "id": "7ba37fb0-f4a0-4749-a920-7ef2e0b5e37a",
    "data": [
      {
        "text": "Which exams are accepted for admission?",
        "userDefined": false
      }
    ],
    "isTemplate": false,
    "count": 0,
    "lang": "en",
    "updated": 0
  },
  {
    "id": "ae496fe7-95d1-4e3e-86bf-885c412f08ba",
    "data": [
      {
        "text": "What are the cutoff scores?",
        "userDefined": false
      }
    ],
    "isTemplate": false,
    "count": 0,
    "lang": "en",
    "updated": 0
  }
]