[
  {
    "id": "2a7b42b9-543a-4bd9-9894-dbcf2b64ea5d",
    "data": [
      {
        "text": "sure",
        "meta": "@yes",
        "alias": "yes",
        "userDefined": false
      }
    ],
    "isTemplate": false,
    "count": 0,
    "lang": "en",
    "updated": 0
  },
  {
    "id": "60a1f3a5-92b3-499f-a46c-9421c93a6f17",
    "data": [
      {
        "text": "I need",
        "userDefined": false
      }
    ],
    "isTemplate": false,
    "count": 0,
    "lang": "en",
    "updated": 0
  },
  {
    "id": "f9c2ad0f-f033-4988-b169-667320429d2c",
    "data": [
      {
        "text": "yes",
        "meta": "@yes",
        "alias": "yes",
        "userDefined": false
      }
    ],
    "isTemplate": false,
    "count": 0,
    "lang": "en",
    "updated": 0
  }
]