[
  {
    "id": "d53b5fdb-894b-4974-82de-01845c631dcb",
    "data": [
      {
        "text": "Are there any upcoming events?",
        "userDefined": false
      }
    ],
    "isTemplate": false,
    "count": 0,
    "lang": "en",
    "updated": 0
  },
  {
    "id": "bdf4a7bd-0e06-4e81-89c5-2d60401a044f",
    "data": [
      {
        "text": "Do you have any workshops on AI?",
        "userDefined": false
      }
    ],
    "isTemplate": false,
    "count": 0,
    "lang": "en",
    "updated": 0
  },
  {
    "id": "d04bf696-147a-46f6-9d82-92702b961b95",
    "data": [
      {
        "text": "Tell me about college events.",
        "userDefined": false
      }
    ],
    "isTemplate": false,
    "count": 0,
    "lang": "en",
    "updated": 0
  }
]