[
  {
    "id": "920c97fe-a10b-4401-b07d-9e76997f0583",
    "data": [
      {
        "text": "When will the semester exams start?",
        "userDefined": false
      }
    ],
    "isTemplate": false,
    "count": 0,
    "lang": "en",
    "updated": 0
  },
  {
    "id": "050f8ed9-793b-4caf-9bcf-b6d4a74ce5f2",
    "data": [
      {
        "text": "How can I check my results?",
        "userDefined": false
      }
    ],
    "isTemplate": false,
    "count": 0,
    "lang": "en",
    "updated": 0
  },
  {
    "id": "e518e5e3-54c7-4d72-b1fd-997e4c466401",
    "data": [
      {
        "text": "Tell me about the exam schedule.",
        "userDefined": false
      }
    ],
    "isTemplate": false,
    "count": 0,
    "lang": "en",
    "updated": 0
  }
]