[
  {
    "id": "afbd57af-52d2-4480-a6d7-9d9fbb90af8d",
    "data": [
      {
        "text": "What is the fee for B.Tech?",
        "userDefined": false
      }
    ],
    "isTemplate": false,
    "count": 0,
    "lang": "en",
    "updated": 0
  },
  {
    "id": "ebf3755a-26b4-4c99-ba31-2195f45c1668",
    "data": [
      {
        "text": "How much does MBA cost?",
        "userDefined": false
      }
    ],
    "isTemplate": false,
    "count": 0,
    "lang": "en",
    "updated": 0
  },
  {
    "id": "75ed3ddb-9dd5-4367-824d-aec73c32823e",
    "data": [
      {
        "text": "Tell me the fee details.",
        "userDefined": false
      }
    ],
    "isTemplate": false,
    "count": 0,
    "lang": "en",
    "updated": 0
  },
  {
    "id": "5af61572-093d-4369-b290-98c735b6931b",
    "data": [
      {
        "text": "What are the tuition fees?",
        "userDefined": false
      }
    ],
    "isTemplate": false,
    "count": 0,
    "lang": "en",
    "updated": 0
  }
]