[
  {
    "id": "0aa9bffa-cbb4-4b60-b4e1-54447e541501",
    "data": [
      {
        "text": "What rules do I need to follow in the ",
        "userDefined": false
      },
      {
        "text": "hostel",
        "meta": "@hostel",
        "alias": "hostel",
        "userDefined": false
      },
      {
        "text": "?",
        "userDefined": false
      }
    ],
    "isTemplate": false,
    "count": 0,
    "lang": "en",
    "updated": 0
  },
  {
    "id": "85de460b-747a-4584-aeb7-5249cb41b196",
    "data": [
      {
        "text": "Tell me about the ",
        "userDefined": false
      },
      {
        "text": "hostel",
        "meta": "@hostel",
        "alias": "hostel",
        "userDefined": false
      },
      {
        "text": " guidelines.",
        "userDefined": false
      }
    ],
    "isTemplate": false,
    "count": 0,
    "lang": "en",
    "updated": 0
  },
  {
    "id": "df87e335-34ff-4279-8b15-58475becdc97",
    "data": [
      {
        "text": "What are the ",
        "userDefined": false
      },
      {
        "text": "hostel",
        "meta": "@hostel",
        "alias": "hostel",
        "userDefined": false
      },
      {
        "text": " rules and regulations?",
        "userDefined": false
      }
    ],
    "isTemplate": false,
    "count": 0,
    "lang": "en",
    "updated": 0
  }
]