[
  {
    "id": "c3e7b299-8b9e-42e0-b6ac-f3dc0432ff1c",
    "data": [
      {
        "text": "Do you provide hostel facilities?",
        "userDefined": false
      }
    ],
    "isTemplate": false,
    "count": 0,
    "lang": "en",
    "updated": 0
  },
  {
    "id": "e7acecd1-86eb-4c67-87e5-9bf894ba8829",
    "data": [
      {
        "text": "What are the hostel charges?",
        "userDefined": false
      }
    ],
    "isTemplate": false,
    "count": 0,
    "lang": "en",
    "updated": 0
  },
  {
    "id": "fcc139e7-a365-4a10-8ce0-967e0ace65c2",
    "data": [
      {
        "text": "Tell me about the hostel rooms.",
        "userDefined": false
      }
    ],
    "isTemplate": false,
    "count": 0,
    "lang": "en",
    "updated": 0
  }
]