[
  {
    "id": "332cfd50-57fd-4060-9e5d-a343bf168660",
    "data": [
      {
        "text": "Can I stay outside the college during my ",
        "userDefined": false
      },
      {
        "text": "first",
        "meta": "@sys.ordinal",
        "alias": "ordinal",
        "userDefined": false
      },
      {
        "text": " year?",
        "userDefined": false
      }
    ],
    "isTemplate": false,
    "count": 0,
    "lang": "en",
    "updated": 0
  },
  {
    "id": "60bfd4e5-9ebf-49f6-a8dc-1b6c87a75ee4",
    "data": [
      {
        "text": "Do ",
        "userDefined": false
      },
      {
        "text": "first-",
        "meta": "@sys.ordinal",
        "alias": "ordinal",
        "userDefined": true
      },
      {
        "text": "year students have to stay in the ",
        "userDefined": false
      },
      {
        "text": "hostel",
        "meta": "@hostel",
        "alias": "hostel",
        "userDefined": false
      },
      {
        "text": "?",
        "userDefined": false
      }
    ],
    "isTemplate": false,
    "count": 0,
    "lang": "en",
    "updated": 0
  },
  {
    "id": "6ae169fa-8e04-463e-a833-90a0e0ad2a24",
    "data": [
      {
        "text": "Is ",
        "userDefined": false
      },
      {
        "text": "hostel accommodation",
        "meta": "@hostel",
        "alias": "hostel",
        "userDefined": false
      },
      {
        "text": " mandatory for ",
        "userDefined": false
      },
      {
        "text": "first",
        "meta": "@sys.ordinal",
        "alias": "ordinal",
        "userDefined": false
      },
      {
        "text": "-year students?",
        "userDefined": false
      }
    ],
    "isTemplate": false,
    "count": 0,
    "lang": "en",
    "updated": 0
  }
]