[
  {
    "id": "223e92fb-bbc7-4e10-b0a6-c094385f55a5",
    "data": [
      {
        "text": "Tell me about industry exposure ",
        "userDefined": false
      },
      {
        "text": "programs",
        "meta": "@course",
        "alias": "course",
        "userDefined": false
      },
      {
        "text": ".",
        "userDefined": false
      }
    ],
    "isTemplate": false,
    "count": 0,
    "lang": "en",
    "updated": 0
  },
  {
    "id": "b19848c2-1f0a-4565-9848-ba2d2fba16cd",
    "data": [
      {
        "text": "Are there any company visits for students?",
        "userDefined": false
      }
    ],
    "isTemplate": false,
    "count": 0,
    "lang": "en",
    "updated": 0
  },
  {
    "id": "559908c6-77d4-4b1c-83c6-8bf97903f70d",
    "data": [
      {
        "text": "Do you organize industrial visits?",
        "userDefined": false
      }
    ],
    "isTemplate": false,
    "count": 0,
    "lang": "en",
    "updated": 0
  }
]