[
  {
    "id": "00f60291-0156-4d0f-a1ae-7ba387ad1a8a",
    "data": [
      {
        "text": "Do you provide internships?",
        "userDefined": false
      }
    ],
    "isTemplate": false,
    "count": 0,
    "lang": "en",
    "updated": 0
  },
  {
    "id": "80ec2d20-e9b1-4ffc-8832-cdfc60c36416",
    "data": [
      {
        "text": "Are there any internship opportunities?",
        "userDefined": false
      }
    ],
    "isTemplate": false,
    "count": 0,
    "lang": "en",
    "updated": 0
  },
  {
    "id": "5929bc82-41ca-49bf-98bd-ab0f7e18c5d0",
    "data": [
      {
        "text": "How can I apply for an internship?",
        "userDefined": false
      }
    ],
    "isTemplate": false,
    "count": 0,
    "lang": "en",
    "updated": 0
  }
]