[
  {
    "id": "6ca02ea8-517b-4688-bdc5-f63274765245",
    "data": [
      {
        "text": "What are the library timings?",
        "userDefined": false
      }
    ],
    "isTemplate": false,
    "count": 0,
    "lang": "en",
    "updated": 0
  },
  {
    "id": "90bc016c-25dc-4979-bb6d-21f6ea65f1d5",
    "data": [
      {
        "text": "Is the library open on weekends?",
        "userDefined": false
      }
    ],
    "isTemplate": false,
    "count": 0,
    "lang": "en",
    "updated": 0
  },
  {
    "id": "1b0d08d4-295c-4939-9ae8-15b097f17394",
    "data": [
      {
        "text": "Tell me the working hours of the library.",
        "userDefined": false
      }
    ],
    "isTemplate": false,
    "count": 0,
    "lang": "en",
    "updated": 0
  }
]