[
  {
    "id": "18c12939-7aad-4e45-82f4-a9429ea27b46",
    "data": [
      {
        "text": "Do you offer online courses?",
        "userDefined": false
      }
    ],
    "isTemplate": false,
    "count": 0,
    "lang": "en",
    "updated": 0
  },
  {
    "id": "7f4d6a64-6767-46b5-b59e-34427182b4e9",
    "data": [
      {
        "text": "Can I take classes online?",
        "userDefined": false
      }
    ],
    "isTemplate": false,
    "count": 0,
    "lang": "en",
    "updated": 0
  },
  {
    "id": "aed7b66e-bb9b-4864-8b6c-8efb5a00bd0d",
    "data": [
      {
        "text": "What online learning options are available?",
        "userDefined": false
      }
    ],
    "isTemplate": false,
    "count": 0,
    "lang": "en",
    "updated": 0
  }
]