[
  {
    "id": "37694a24-123e-417f-8fc5-5a7c8b53beb6",
    "data": [
      {
        "text": "Can I take classes in the evening?",
        "userDefined": false
      }
    ],
    "isTemplate": false,
    "count": 0,
    "lang": "en",
    "updated": 0
  },
  {
    "id": "7bd6c85e-00de-4289-b1e5-5ec70d999382",
    "data": [
      {
        "text": "Does the college offer night classes?",
        "userDefined": false
      }
    ],
    "isTemplate": false,
    "count": 0,
    "lang": "en",
    "updated": 0
  },
  {
    "id": "a334723b-4233-4dfc-982e-91c1af5eb805",
    "data": [
      {
        "text": "Are there any part-time or evening classes?",
        "userDefined": false
      }
    ],
    "isTemplate": false,
    "count": 0,
    "lang": "en",
    "updated": 0
  }
]