[
  {
    "id": "8daff9d1-046d-4e07-87fa-26f2be4d15cf",
    "data": [
      {
        "text": "Are there any trips or outings for students?",
        "userDefined": false
      }
    ],
    "isTemplate": false,
    "count": 0,
    "lang": "en",
    "updated": 0
  },
  {
    "id": "a2c4ef93-7cf2-459d-9c36-13cf93f1e413",
    "data": [
      {
        "text": "Tell me about student trips.",
        "userDefined": false
      }
    ],
    "isTemplate": false,
    "count": 0,
    "lang": "en",
    "updated": 0
  },
  {
    "id": "79c1d4ad-25d3-47da-994b-5f294056291b",
    "data": [
      {
        "text": "Does the college organize picnics?",
        "userDefined": false
      }
    ],
    "isTemplate": false,
    "count": 0,
    "lang": "en",
    "updated": 0
  }
]