[
  {
    "id": "dbb08b6b-c1fa-4275-a0ba-40ae12bcb0ce",
    "data": [
      {
        "text": "What are the placement opportunities?",
        "userDefined": false
      }
    ],
    "isTemplate": false,
    "count": 0,
    "lang": "en",
    "updated": 0
  },
  {
    "id": "2ea00697-481e-4049-b1ac-f14f6d89daf7",
    "data": [
      {
        "text": "Do you have campus placements?",
        "userDefined": false
      }
    ],
    "isTemplate": false,
    "count": 0,
    "lang": "en",
    "updated": 0
  },
  {
    "id": "109c8b00-ea04-4c82-8d68-e333d8eab445",
    "data": [
      {
        "text": "Which companies visit for placements?",
        "userDefined": false
      }
    ],
    "isTemplate": false,
    "count": 0,
    "lang": "en",
    "updated": 0
  }
]