[
  {
    "id": "e9198adc-06a0-4e57-82d9-4909b5a171ca",
    "data": [
      {
        "text": "What are the best ",
        "userDefined": false
      },
      {
        "text": "programs",
        "meta": "@course",
        "alias": "course",
        "userDefined": false
      },
      {
        "text": " offered here?",
        "userDefined": false
      }
    ],
    "isTemplate": false,
    "count": 0,
    "lang": "en",
    "updated": 0
  },
  {
    "id": "e2a8a532-50d1-4769-8ca6-005797eb8588",
    "data": [
      {
        "text": "Which ",
        "userDefined": false
      },
      {
        "text": "courses",
        "meta": "@course",
        "alias": "course",
        "userDefined": false
      },
      {
        "text": " are most in demand?",
        "userDefined": false
      }
    ],
    "isTemplate": false,
    "count": 0,
    "lang": "en",
    "updated": 0
  },
  {
    "id": "9670743c-43c9-482a-a185-8fcd20cf2865",
    "data": [
      {
        "text": "What are the most popular ",
        "userDefined": false
      },
      {
        "text": "courses",
        "meta": "@course",
        "alias": "course",
        "userDefined": false
      },
      {
        "text": " at this college?",
        "userDefined": false
      }
    ],
    "isTemplate": false,
    "count": 0,
    "lang": "en",
    "updated": 0
  }
]