[
  {
    "id": "14017bf7-9555-44aa-a3f1-d219f0b23d1a",
    "data": [
      {
        "text": "Tell me about the practical labs.",
        "userDefined": false
      }
    ],
    "isTemplate": false,
    "count": 0,
    "lang": "en",
    "updated": 0
  },
  {
    "id": "b8d7b4ef-b74e-42ad-8490-2bf6360b554a",
    "data": [
      {
        "text": "Are there science labs in college?",
        "userDefined": false
      }
    ],
    "isTemplate": false,
    "count": 0,
    "lang": "en",
    "updated": 0
  },
  {
    "id": "8dbb5387-3f85-40c5-8c6d-f5cefc542115",
    "data": [
      {
        "text": "What are the lab facilities available?",
        "userDefined": false
      }
    ],
    "isTemplate": false,
    "count": 0,
    "lang": "en",
    "updated": 0
  }
]