[
  {
    "id": "c2325f9f-89da-4864-8815-4875ac9d7931",
    "data": [
      {
        "text": "How does the ",
        "userDefined": false
      },
      {
        "text": "tuition",
        "meta": "@tuition_fees",
        "alias": "tuition_fees",
        "userDefined": true
      },
      {
        "text": " refund process work?",
        "userDefined": false
      }
    ],
    "isTemplate": false,
    "count": 0,
    "lang": "en",
    "updated": 0
  },
  {
    "id": "8e238914-9c4c-467a-a124-97b67dc42825",
    "data": [
      {
        "text": "Can I get a refund if I withdraw from the college?",
        "userDefined": false
      }
    ],
    "isTemplate": false,
    "count": 0,
    "lang": "en",
    "updated": 0
  },
  {
    "id": "ebb0e05d-b95c-4d7d-8a4d-2f550dc06301",
    "data": [
      {
        "text": "What is the refund policy for ",
        "userDefined": false
      },
      {
        "text": "tuition fees",
        "meta": "@tuition_fees",
        "alias": "tuition_fees",
        "userDefined": false
      },
      {
        "text": "?",
        "userDefined": false
      }
    ],
    "isTemplate": false,
    "count": 0,
    "lang": "en",
    "updated": 0
  }
]