[
  {
    "id": "86a08fba-c972-45b4-a58a-3c28a5f79ce2",
    "data": [
      {
        "text": "Are there any scholarships?",
        "userDefined": false
      }
    ],
    "isTemplate": false,
    "count": 0,
    "lang": "en",
    "updated": 0
  },
  {
    "id": "f31dfbda-1d8a-4cfb-b59d-f2aba73ad3a3",
    "data": [
      {
        "text": "Do you provide financial aid?",
        "userDefined": false
      }
    ],
    "isTemplate": false,
    "count": 0,
    "lang": "en",
    "updated": 0
  },
  {
    "id": "ecd0dfa6-05f0-4b15-a78b-d9a2cfd2c1e5",
    "data": [
      {
        "text": "What are the eligibility criteria for scholarships?",
        "userDefined": false
      }
    ],
    "isTemplate": false,
    "count": 0,
    "lang": "en",
    "updated": 0
  }
]