[
  {
    "id": "8659858b-5c1d-474d-a415-dcd9b03f332f",
    "data": [
      {
        "text": "Tell me about the final exams.",
        "userDefined": false
      }
    ],
    "isTemplate": false,
    "count": 0,
    "lang": "en",
    "updated": 0
  },
  {
    "id": "6706d300-f203-4145-baef-99836d924dbe",
    "data": [
      {
        "text": "What is the schedule for term-end exams?",
        "userDefined": false
      }
    ],
    "isTemplate": false,
    "count": 0,
    "lang": "en",
    "updated": 0
  },
  {
    "id": "2b4cf106-b712-46ab-8957-4e168c70fa33",
    "data": [
      {
        "text": "When are the semester exams held?",
        "userDefined": false
      }
    ],
    "isTemplate": false,
    "count": 0,
    "lang": "en",
    "updated": 0
  }
]