[
  {
    "id": "87b2bac8-8b00-4c8b-8562-1fe925a7360b",
    "data": [
      {
        "text": "What sports facilities are available?",
        "userDefined": false
      }
    ],
    "isTemplate": false,
    "count": 0,
    "lang": "en",
    "updated": 0
  },
  {
    "id": "d045eabe-41ff-45b0-8c47-0aee3e41d87f",
    "data": [
      {
        "text": "Does the college have a gym?",
        "userDefined": false
      }
    ],
    "isTemplate": false,
    "count": 0,
    "lang": "en",
    "updated": 0
  },
  {
    "id": "31f0c639-3de4-40b8-93e0-425c66cd3eda",
    "data": [
      {
        "text": "Are there any sports teams in college?",
        "userDefined": false
      }
    ],
    "isTemplate": false,
    "count": 0,
    "lang": "en",
    "updated": 0
  }
]