[
  {
    "id": "187ba319-38d8-47b0-80b1-860b19471bad",
    "data": [
      {
        "text": "How many students attend this college?",
        "userDefined": false
      }
    ],
    "isTemplate": false,
    "count": 0,
    "lang": "en",
    "updated": 0
  },
  {
    "id": "acc6d2be-09ca-4da5-8bd6-a6443cf5a3c6",
    "data": [
      {
        "text": "What is the student population?",
        "userDefined": false
      }
    ],
    "isTemplate": false,
    "count": 0,
    "lang": "en",
    "updated": 0
  },
  {
    "id": "0b92cd4f-3771-4d14-842a-71a6c2390181",
    "data": [
      {
        "text": "How big is the student body?",
        "userDefined": false
      }
    ],
    "isTemplate": false,
    "count": 0,
    "lang": "en",
    "updated": 0
  }
]