[
  {
    "id": "e8595eec-50db-4785-99f4-fccf1501e217",
    "data": [
      {
        "text": "Do you accept transfer students?",
        "userDefined": false
      }
    ],
    "isTemplate": false,
    "count": 0,
    "lang": "en",
    "updated": 0
  },
  {
    "id": "4c9764a0-fd71-43f3-b84f-a66e8d8810ca",
    "data": [
      {
        "text": "Can I transfer from another university?",
        "userDefined": false
      }
    ],
    "isTemplate": false,
    "count": 0,
    "lang": "en",
    "updated": 0
  },
  {
    "id": "6ad2efc8-9efe-4a54-a4d0-a3ea3235613c",
    "data": [
      {
        "text": "What are the ",
        "userDefined": false
      },
      {
        "text": "requirements",
        "meta": "@documents",
        "alias": "documents",
        "userDefined": true
      },
      {
        "text": " for transfer students?",
        "userDefined": false
      }
    ],
    "isTemplate": false,
    "count": 0,
    "lang": "en",
    "updated": 0
  }
]